Rank,Funding Source,Type,Description,Typical Funding Amount,Source
1,Google for Startups Black Founders Fund,Grant Program,"Provides cash awards, Google Cloud credits, mentorship, and leadership training to Black-led startups globally.",Up to $150,000 cash + $100,000 credits,
2,NAACP Powershift Entrepreneur Grant,Grant Program,"Awards grants to Black entrepreneurs for business growth, including mentorship and resources.",$25,000,
3,Kapor Capital,Venture Capital Firm,"Invests in early-stage tech startups focused on equity for underrepresented founders, including Black entrepreneurs.",Seed-stage investments (varies),
4,Harlem Capital,Venture Capital Firm,"Focuses on investing in diverse founders, with 94% of portfolio led by underrepresented groups.",Pre-seed to Series A (up to $134M fund),
5,Backstage Capital,Venture Capital Firm,"Invests in underrepresented founders, including Black, women, and LGBTQ+ entrepreneurs.",$25,000 - $100,000,
6,Fearless Fund,Venture Capital/Grant Program,"Provides grants and investments to women of color, prioritizing Black women entrepreneurs.",$20,000 grants + investments,
7,SheaMoisture Fund,Grant Program,"Supports Black-owned businesses in beauty, wellness, and related sectors with grants and resources.",Up to $100,000,
8,Coalition to Back Black Businesses,Grant Program,"Offers grants to Black-owned small businesses for resilience and growth, in partnership with US Chamber and American Express.",$5,000 - $25,000,
9,Minority Business Development Agency (MBDA),Government Program,"Connects minority businesses, including Black-owned, to capital, contracts, and markets via grants and assistance.",Varies (technical assistance funding up to $11M),
10,U.S. Black Chambers, Inc. (USBC),Grant/Loan Program,"Provides micro-loans and grants for Black business expansion, plus educational resources.",Up to $4,000 grants,
11,Black Ambition,Prize/Grant Program,"Awards prizes to Black and Hispanic-led companies, with mentorship and networking.",$15,000 - $1,000,000,
12,SoGal Black Founder Startup Grant,Grant Program,"Supports Black women and nonbinary entrepreneurs with scalable ideas seeking investor financing.",$5,000 - $10,000,
13,Feed the Soul Foundation Grant,Grant Program,"Targets food businesses owned by underrepresented groups, including Black entrepreneurs.",Varies (includes consulting),
14,Tory Burch Foundation Fellows Program,Grant Program,"Provides funding, education, and networking for women entrepreneurs, significant for Black women.",$10,000 + resources,
15,IFundWomen of Color,Grant/Crowdfunding Program,"Offers debt-free capital, coaching, and connections for minority and women-owned businesses.",Varies (grants + crowdfunding),
16,Accion Opportunity Fund,Loan Program,"Nonprofit lender providing affordable loans to minority entrepreneurs, including Black-owned businesses.",$5,000 - $100,000,
17,Galaxy Grant by Hidden Star,Grant Program,"Microgrants for women, minorities, and low-income entrepreneurs.",Up to $2,950,
18,Black Angel Tech Fund,Angel Investment Fund,"Focuses on seed funding for Black-owned tech startups.",Seed investments (varies),
19,1 Million Black Businesses Initiative,Resource/Grant Program,"Supports Black-owned small businesses with training, networking, and funding opportunities.",Varies,
20,Hello Alice Black Business Center,Resource/Grant Hub,"Connects Black entrepreneurs to grants, loans, and resources in partnership with NAACP.",Varies (access to multiple grants),
